title,published,link
"Stock market today: Dow, S&P 500, Nasdaq futures slide on threat to Fed as Trump's DOJ eyes criminal probe - Yahoo Finance","Mon, 12 Jan 2026 11:24:07 GMT",https://news.google.com/rss/articles/CBMi5wFBVV95cUxNeC1QbW9UYlpPWHZsQ2RkZVNxdWYxN1VSN1hoT2o2Vjc3enVSR1VpbnJNNG9sRVBzMkdkNGlrUVZrZTdCVVM0T3Q0S1FaaklDLVdRZk1ZZlROTjV6dm9icEhUZTdBTlpRLXhpSk0wZkhaSUJsQ3RvV1lHQmlJeF9ZNmx0aklHTUsxR09CY3RCV2NyTmhEMFZfQlBKZE9sZGp6TDgyRkZfSE5SM1gxVEFEU0RXbGdWVUpNZGRhaEI0NGlmOUwzWTJYVEZnRmRINkxvYjlsQUFyNjBZT3pXdzVuYnNvZGNoVWM?oc=5
Dow futures fall 300 point as Trump's DOJ opens criminal investigation into Fed Chair Powell: Live updates - CNBC,"Mon, 12 Jan 2026 11:35:00 GMT",https://news.google.com/rss/articles/CBMid0FVX3lxTE1FWVFYSS1RdE1kcVplMVhpR0Q4TG5rZ1ZWblp1bjJIb3RtYmNGR0lrOFd0Z09hNVdCeGFPNFRHZVlfZllELUZQSm1BaUFMSWdQYW5QX1ladk54TjVIQTFaa2gxSkVtdFFRUDN2dlBUdktOME1UZFFn0gF8QVVfeXFMTWN0WHBXbmJTT2k0czJOQWxaaUJCMmJHNG9WMmx2dDhvS2c3S3EzWlVqUkpFSGpVcGNEbzhFak84ZmhiOU5yNUJBbVdQcEpnNU9sV180b3lOdTlNS1pVSzFfdVlZbTVwdGowSVpMSjNVNFN3ZDYtNkozaWQ4ag?oc=5
"Stock Market Today: Dow Futures Fall, Gold Hits Record After Prosecutors Launch Powell Probe - The Wall Street Journal","Mon, 12 Jan 2026 10:53:00 GMT",https://news.google.com/rss/articles/CBMijANBVV95cUxNWEpnSlZoV01odF8wcnFkRVNTSEI3a2M0dkFMOTF6RUdDTjRhZDczZVBLd2pqcEF5QXJ1RXFmdlhJajJUb2kzWUZ3U2kwR2VCb3Axb3dkLU9fSW9LaVhwNFJxc19oZ214V3c5RHE4QXJXc1hTdkNpYmVpUFlsSFpZVzdxYjlWdDd6NnN1SjlMbVE3d2pwVTZjSTBUdXJBRnh0YkUxLTItUDNLYjlRTm1LRmh4VnlRTWhBMTVPTy13a2JobVZHWDlkTkxqUnZHVUVqN3dhdE5zLV9jWmVGYmJhS292REtZT2tETGZ3blJsSW9YUU50dzJNUHFrOW5GWFRKMTZQWmxKV0s4Y1B0TGFvZ2FjN0JVMl9yZVlZOW90czVRSWhhV0VyZGNueV9PdUhTZTJTUmRtTTBfcl9lM3lEZ0Q4R1AyYmNmckpVUGlZWlFHQTRXWFp0N2o2ZzlCVzJMazhlMnhDbzVyMFZMX0cwZUZKdWFXaklRaGJKM3ZBdXFxaXJWZmloX2RpTUc?oc=5
"Stock Market Today: Dow set for 400-point drop, S&P 500 and Nasdaq to retreat after Powell says Fed's received subpoena; Gold and silver surge - MarketWatch","Mon, 12 Jan 2026 11:20:00 GMT",https://news.google.com/rss/articles/CBMi2wNBVV95cUxQX1R3bXYtTUwwamk0bTNjX0dZYjVpNHRXNkk4Qk5FQW9sTi13TTZQVkxsb1daSWNORDJUbWpuZFgweW5mQllSV2VYOFBjLTEySG5tU2J2LV9DVVU5S1VLTWFPLVkyYkxTZVEtZmgyTGhMamxfUzdRS1pJeWxhUXJNUlhOUTd6UG5lbGxVaWxDaTZ3c2FNVV9fWWZ1aklQUXpqc0U1bUJYWEthcnZsNlUtWnF3UGxzNjVDamgzVEV3TVVLb19vbjZEOWlVcm9xZjdFWmF3WGppa2FHN0NQcUNKbFd2S2Z5bEZYVmsydjEwSGhRS2pSNVQzTm1lTTZFcGdRQUxWMHNEZlktdUdNdGh2MTkyLXJtejh4V2V3Z2JaeGFYT19JVmxEX3lPNGxyeWZMUnBmbktmSV9uS0ZEQVN3cWZiai1qMC1mREpFc0liT3p2UVh1aFBlcXhTRklxWVhMX1VmUzNZMnd2RE1vajFnb2RjNW1FOEkzV3pkNUdmLTU5ZndEcmRyTS1sN0dzTS12M3VrZzhHTEFyMVJwSnNSYUpHRHVZR2J4Z2RQTVM4SkI3cUYydDhmaE5sN1FYRlVnRnRZS1pqQmV0QVdCbm9CbFNvaGZBNDhzQ09V?oc=5
"Capital One, American Express, JPMorgan, Nvidia, Alphabet, Walmart, and More Stock Market Movers - Barron's","Mon, 12 Jan 2026 11:01:00 GMT",https://news.google.com/rss/articles/CBMi6gJBVV95cUxPUUdRYkV1cTNfX2lPcmVPM0ZXY20wMWNpdVBpaTlFU0pDcElJbUJUUjVOUlhuOWoyN1FVVmE1NG9aR3IwRndsaGM0eGt1N29mVHlaNUdaNmhqN0VYcTVqUVVSTkpBaWNYUVFaa1lVR2dERHNSNTQ4UWh4VVJrVmw5SkstOVJSOG1nWi1rRFZJNWc1aEZtbXg1S2pyYnI0REZNR1BQRGYwSEVXQlNnbnoxTFU2UFhvT2VlTk4tVzdvNzJ3czJ3MWY4dm9IZVMyblA2bXlaMnhVRnNwWFdGS3FDc2puY3VnbldUcWgzcWk1ejQ2T1ExMjhqenFCdEVIU19ZbnpuT3RBX29xdWxWMVJLbERkV2hIMlI4SU8yeFAtOXhhX19mNllwUnJ0cXVRQVVDbGhBQUlfSEJ0R0NEanZwRHhnS2dzaHhTZzAtdTV1NFJ0QkVFeXcxN0pnUHNESWFZNk9ydndTc1JSdw?oc=5
"Dow Jones Futures Fall As Fed Chief Powell Under Criminal Probe; JPMorgan, Goldman, Delta, Taiwan Semi Ahead - Investor's Business Daily","Mon, 12 Jan 2026 04:06:00 GMT",https://news.google.com/rss/articles/CBMi2wFBVV95cUxNLWwwVk44SlZwSkxnMTY2elFrb2J0MU8xM2Q1eWk5bEktUW5aczlCdE5aU3RyVmdkUU1xeTZZYV9mcGtkdGN4R0Jhd2ViUGtfeVFEY2lTMk05ci1MVHJNbHA0VTcxM0NNVmlzZGhLNi16MXlkcjkwaEhzamZRbmY5UEg2YXo4LVp3dnZJb0J6dEM4TDBUSDZqWndyQXBuMDZMQVdSY1FfZXNFYUpqSGtJNW1RV25fZ1hUWjNhOVVxT0dEYUJUeU82cWUtcnN5ZTQ5X3hacGd3R2FVRE0?oc=5
"After Three Hot Years, Will Stock Markets Sizzle Again? - The New York Times","Fri, 09 Jan 2026 14:00:07 GMT",https://news.google.com/rss/articles/CBMihgFBVV95cUxPd0hvUjNsUmlQalVXbGl2MHpVSHh1SXVtMG1ZbkhxZ2paTzRYR2hKREo1d1ZocERocXB6d2p5Nzktb18xbFpUX0FWclFtZlB1N25NWGRuMXZJcHFqZ3h3cFRuU1NDRF9odWNUM1g5T0xkamQ1ZzZRRGxyNHRlTjJsS2VyUG9fZw?oc=5
Indian shares snap losing streak as US envoy's remarks soothe tariff woes - Reuters,"Mon, 12 Jan 2026 10:15:44 GMT",https://news.google.com/rss/articles/CBMiogFBVV95cUxNVThGSHA0cTVCbm90eXZJZnliWnp3X0hQUFhaZ2JVaERYeXN2RDVjbzR4T3pPenEydmtNOExpTUM2MHBOUmtfMmJMbWJ2VVU3RWhUUEpJTzNkeHRiand5bWJVelRoblhib3c3MFJYZGNDVE5Bc2ZmSGt1UnZnb3U4VnpSZk44NjVrN3Q4N0hCX0dyNm5ROXBUbEVwbVhZblhHQ3c?oc=5
Dollar Weakens After Fed Is Served With Subpoenas: Markets Wrap - Bloomberg.com,"Mon, 12 Jan 2026 10:39:29 GMT",https://news.google.com/rss/articles/CBMisAFBVV95cUxNVlhtMnRoYmI1N3c3MXlwdWhGZ2tiSXpkR19XY3hIbGVZaFpRalJld09YekhnZnUzZHgydzl4S3ZIUEhKLXg4dWlFdlNXSjFUUnRHQ0lMX1NqcDE5S0RnMFJvZ251S0hfSW1pLTczN2tYOGFmYXZUdThrdUE4Qk5aMnNucTdQamxDX3lXaUZkb2V0QVhnOVVUOHFqckdzZFVrRnM0aFpuNFdWekt0SHB2eA?oc=5
Magnificent 7â€™s stock market dominance shows signs of cracking - Fortune,"Sun, 11 Jan 2026 21:43:00 GMT",https://news.google.com/rss/articles/CBMixgFBVV95cUxNX3VYbnNGclV4S2Fib2REUW1KaU9LWFBid1V2dEhncnB5c0NmS3gyME1EdEx5dGZPTS1lcEhaU0hfdkxibW1BWUdpYTh3cl9xeGNFSWRscDF5T1F4RVFKQjVieHdQNHhNSVViRjB2cmR2Zm0teDNyMzdfWjZ3R2xnckhHMHFZSnJYRm81QTNCVDh6VVY3NEN4MUJ3Vm96dkIzZGRqNzVkS1B5ZEZudjdqd2J0Wkk4TGNwNl9ucUdaT1F4a0VFamc?oc=5
The New York Stock Exchange | NYSE - NYSE,"Fri, 09 Jan 2026 22:30:00 GMT",https://news.google.com/rss/articles/CBMiP0FVX3lxTE93UWVlU3g1TVNpdTNEcjI2Yk9kSHU2Tnh5Y0stVFBGRWVkLW9wbU1EbHhQaHdIOE56d2V5NXVhSQ?oc=5
Dow Set to Open Down as Markets Tumble Amid Fed Fears - Barron's,"Mon, 12 Jan 2026 10:28:00 GMT",https://news.google.com/rss/articles/CBMi-wJBVV95cUxNQW9fR2FlazZNaVJHMVVhaEVhcC1VLXdaVzZiQTk4endHQkM3alNlWXlWcmQ0Rl93R3RLalNYN0Y1QkZjaGk1X0RERmF6dHZRMUsyUFhnVnFaRTVBc2gzSDI3UFhXaFR1a2hHbDREVEdPTGk1YlktRzNXbHhGN3ByVGVsUzVSck5FNjdQczBBdWxIUmN5N3EwZE1QRlpIdHJ0dU1lM2k5X2RyakdnRDFIWDg5a0x4VC1mQ216ZEtYOGVBUmljZVdQblFLOHh1ZHV1MDhPelZmZ0djLVZPbGk4LVhSV095bFE0V2NkUWJzemhrbkNGQkdSSlFGYnJFYmVRcXhSQWFwRDVSLU5jOU8zQXY3SHNPVjZnTmQ4ei1oSC1lWVhhNVRQMlVaQmtKZWcwcEZWTmlvUlo2dHVvT1dDdFYwNUNIQlREemRha0FGeDZWUmo3UnpyclZBaDZPcmxVUlhJck9vV3FCckZqbE5Wd3AwclhETmVBXzdj?oc=5
Futures Fall; Market At Highs With Big News Due - Investor's Business Daily,"Sun, 11 Jan 2026 23:34:00 GMT",https://news.google.com/rss/articles/CBMivAFBVV95cUxNQkN2aGplWkFwQTJ1V3dIY1U1Q0xEdEtqeFNvV1dDQjJQT1lWRU8wWTlGdnV2cG5HRmFRUWprcmpLb19wbVFQdjg2U3hHcEdRcUx2RmMwOUt5TndsNXVkN2pFYlM4MGl5cUNidUFFSTB0eDlJNGpLNmQ2dWhvbG41bjYydkJiQWN2WEEtR0R1dktlSG95TjBLa0phTWRMMlJPX2xMY0xZRTNONG9xUTZCVmlhdllPYlk2MzBGYg?oc=5
The S&P 500 Is Expected to Rally 12% This Year - Goldman Sachs,"Fri, 09 Jan 2026 16:49:16 GMT",https://news.google.com/rss/articles/CBMikgFBVV95cUxNN3dVZDg0RlRZT0w3SlJBSExoNXkwejluTGk2ekd6MkVnNVRHQmx0REo2MVpybzRaMWY4M1VlclpfWllGbXM0V19hc2RCX0V5N2RiRXRKWU55eEp5ZE1hTUctOFlLTWhBS05kdk9NZjhJY3ZhbnBiQ2k0eXZjMFQ4cDB5bVVsblJWUnRscjNjbDZtdw?oc=5
2026 US Stock Market Outlook: Where to Find Investing Opportunities - Morningstar,"Fri, 09 Jan 2026 22:22:02 GMT",https://news.google.com/rss/articles/CBMioAFBVV95cUxPMDd3NVU5QmFadFpsQUo0aXE4UVVFOGVERURfcXVlcEtWOEE5NXJLTF92eU5LODI3Z25CeDExRkNsTTVFSEE1M01pT3pjY29la0ZvZzFuQ0txMi1KdWtLdVRMUDB1aHN6bDhPWHBPUEZPcUxhQ0lncF96aDdEazFUenJzSkRYSHRJNW5lVjNmWVR6V2VfY1F1UDJnWUFPWWx6?oc=5
US Stock Market Today S&P 500 Futures Fall As Rate Cut Doubts Linger - simplywall.st,"Mon, 12 Jan 2026 10:23:05 GMT",https://news.google.com/rss/articles/CBMixgFBVV95cUxNUkc1UlQ0YmY4Z2xXNUxpMWtkb2E2OFJhY2cxd0s3dXVtWEN6NFloUU4za29UMkk5bUNOdUhNb2lwemI1VnFZd2FHZUpHU21tWXlvTUpIZElvMWJOajI2V1pfWUFkTGlhQWxZNG90UUxJZjJXMWI2VnRKRjAwT3pDZWRKQm9McFBHVjd5eDBSQVc3YXJrempFZlpmZXV6QTdlcWkzMVFmci1ENzlnOU5GNURWeGlab3JoRUFaZk43N09WOWhDNFHSAcsBQVVfeXFMT19QU3NUVGJOelppV1ZVenB6dUhhMHNsV1E3YzlUQUVzaTdnSmcteU5jcnRBWWNQMkVHZnVpeloza0szMk5CblZHRGVOOHA0a0tkS0c1V0dZSEVOZWhXak9DYW9XUkpLZEtOQUpfWWkyU0VhTGVPWVp1bVVqdXZsMnNKNDI4SjVrV255WDNKVkZVS0tXbVQxN3FwbXEwLVlYeF9uNjdXNjRETXlPUjZENldMUU9GSXNlN0lOUUpiUm4teVBuVG5KdzZ5RzQ?oc=5
"Stock market today: Dow, S&P 500, Nasdaq futures slip with bank earnings and inflation data on deck - Yahoo Finance","Mon, 12 Jan 2026 00:16:00 GMT",https://news.google.com/rss/articles/CBMi3wFBVV95cUxNY2dBSmxGUDJEVXVlVmFtdncxRUdMTTZTTVFDdEkwUTAwLW96QkhJZU9NbGgxSHZ4M016a0swRF92ZzhETGl3aURSb1VOajdkQkwwN3ZXR1NobXVoR2t6R1oyakhxdm9fTDBJNkRpN3FEUG44SW03NWFwcFF3R1Q4S1Y5bXByelhjb0k3aElKbFItWFdRTXo0MndxbDJOX1ZTU0UxVXQzUGdkd3YyYzRleHNNVEdmSXZKTHRNaTdNSHlES0pqRWgwYTZPS2dwdFVlTVJ2X3h6QWk4Z0J0U1lz?oc=5
U.S. stock futures sink after Powell accuses Trump of intimidation over DOJ probe - MarketWatch,"Mon, 12 Jan 2026 04:02:00 GMT",https://news.google.com/rss/articles/CBMipwNBVV95cUxNM3Z2QmpfeHl5MUlXbUp1ZC1NMUcyemxtZ3YyR0dWOWNsb3JveVEtZDNwbTh2cllHUk5BcjBabWtpNzkwcVNFa2FJNU1sVlc1bWtPbEFKRi1rMm8zNHZ5R2NqWkhzdzhNdmVsSktLWkRrRGVfSVp2ZzVzYUlJemZ6TEpIVG1lUEtibF9sb1J6eVJnWUNuUGZMV0hoRUprLWpzOVdXLTdtQTczNU9ZeE85dS1fWmcxUnAyOERiUm5ZVE9zZUhsLXdwbG9hSGpyVFlMSEU4S09laEoxTmdsczhiODlzdE5jSWpPRHBDcjlrUUZqRGI4dU13UEVqZEpVX3IzZjNKcGV5cXZTUndqVWxhVE81bEs5WFFNWUdROF9kb1BMZGxUeVp6UXpQdVNoLVpJVnRlVW1wTnhHbU5weFEyMVZ5SjRLal9Tb1dlWTVpT2JvLUNacDFmUFl0cVh3d2h5eS12NG4wSTJmOWtBbXBqTzBveXUzZld2aGNSMXhMelFjNm5NVlRKMEFxY3VuNU5zMjBFR2RjZHpIdENuZWtHUUlHM2NrWkE?oc=5
"Dollar dips, gold at record high as US prosecutors target Fed's Powell - Reuters","Mon, 12 Jan 2026 09:40:57 GMT",https://news.google.com/rss/articles/CBMiigFBVV95cUxQdjB0SnRLOEpVOWlvenNZYi03VFgzWEZocU41YWx4R3pKT29udDhPdzhqUUUyVnUtTGJhdXRnZldhbGVQYjRVN1A0TTRTdlFSUlRlczZZcUQ4MGFNNTFhSWZRQ2Z5a3B0clQ2YTBWMUVuNFMzSkx4SFFvZ09ZWWNRd2k0dXZjbTZZN3c?oc=5
"Stock market today: Dow, S&P 500, Nasdaq futures slide as Trump's DOJ probes Powell in threat to Fed - Yahoo! Finance Canada","Mon, 12 Jan 2026 08:28:08 GMT",https://news.google.com/rss/articles/CBMi3AFBVV95cUxPSjRLa2dFYll6akxISEVOSExzeGh1MmFrMVJVaGEza1pHRGlaU21ZS2VyNks4eElVY3gtel81Z0VLa2lQaml5bVZRUXBnQkJPdTB5TjUyaXFGV2pHWGN6bzlGZHcyT09pLWNVWDlMVFgtemtaaV85RjVUTE5laWJUMDlhV054MUUzT1dIclRVTDg4Q0pSR1dUMi1CbkwwVXQ3VzRYVkxzYUNmQ2lXcWVmMFBXazREbloxeE9nQl8xdzlBSlpmeXp2TFBRVEQwQkdCMjUzUE5SQTNRbHd5?oc=5
Why the stock market could easily get spooked - Yahoo Finance,"Fri, 09 Jan 2026 14:18:51 GMT",https://news.google.com/rss/articles/CBMilgFBVV95cUxOOVN4aW9Nd3d6YWtZOTNaSEg2Ql9XTnd4eEtmZng0aGZsX1pyTWxoelp2dG10a1lqc09ieGRSM1l2YVBqdDNEYkZRSnUwOXV5VXpfTzVZTmxhWklISjVqbHNTNXh2ZU11RUlFR0FSS0RLYW1COGR3MTRtZE9DenY0UmlhNm1aTzZ0dVVPUk9remtlLXVaUGc?oc=5
"If a Stock Market Crash Is Coming in 2026, There's 1 Smart Move for Investors to Make Right Now - Yahoo Finance","Sat, 10 Jan 2026 13:20:00 GMT",https://news.google.com/rss/articles/CBMiggFBVV95cUxNdU5FYkZPMjdiWkZuQlVQUktWNlE0OHp5MTdGVjlBNlRJd25KOVVJRU9tckZuZ3BqTzhhRGR4cEZTRW8tNEM2WHpMRlVFaW9OLUlJZEJ2VS1vOUFsR2RieC0tQnotNE5SRUFnMTBEZ1RxR1ZVT0E5UmpienRPMm04amJR?oc=5
"Stock market today: Dow rises as defense stocks jump, Nvidia leads Nasdaq down as all eyes turn to jobs report - Yahoo Finance","Thu, 08 Jan 2026 21:04:34 GMT",https://news.google.com/rss/articles/CBMi8AFBVV95cUxPWlRZbi1uamlrV3dNYVk2LXVubjNRZEI1Vjl1dDhiWWlBWk5SMldNT01xeDNqdm1odTBPaXl2cGVSMDRkanRFUzl3anlBbnJ4bjU5bTljNjNoaS03bTlrNmE1ZV9NMnN0a2lDRVJDTXRXendDTGNLazFLVWxZZmdETjVvZW9VR3pialVza3hnSUhlZDJkSURvNWFxQmVEaEYwM0hVUzhja19iN29CSjA4Snl4MU50ZlJOclAyWTF3WnA1cWdZcW5nc01ZMUdEOUxJYXdvTTFFZW5DUkx6U29zSWNNbjd5VGpKTG0zWlZWTDU?oc=5
The Stock-Market Rally Isnâ€™t Just About Tech Anymore - WSJ - The Wall Street Journal,"Fri, 09 Jan 2026 00:00:00 GMT",https://news.google.com/rss/articles/CBMioANBVV95cUxQd2thR01pMEtMSXd1VFY2NEJyMjI2Wnh5WXVPdkJSWExpZlNFdEM1dFlzM1o3Q0hHdkJSSUswM2dLTzJSYU1jVWxHancxVGxXLWMwVDlDWXZ5bE9wU2dRVWtYdEJZY1pSTFlRWTRqa3R6M2hUeHduZHFqTU5wX3JXTVc1Z19XaDM3SDVGTXV2N200RDhDU0ViN294cHNPMnVxMEdIMkc3RHhvanRSWWFaUUZHb0xtVjZYLVFybzdVWjhhdDMwRGZ3d0R6ZDBWZkpJQkROVDRNanl1Nkp6Q19QeWhfVjJaT29kZ2JJVkNTR1hDYlJ3RWk3NkxWU1o4dW16RnIyU2l3MkdSLWZibG1NUUFiQjZPalVONmhsVGFMMHJBeU9lQW10SlQ3ajZfU2ZnbWFmOGFuLTY1M3h4akJ5NFl2Ty1YUWEwaDFWa0pCS1B0SGVHdU1yYUFzRVcyZTMtUW5hYnJJSDc0M3NWQ29tbUMySUJFMjR5dVZEXzhkbWJZb3E5QlFuSHBlVU9rNnZ3YURRMTJ1bktuZEJUY1FieQ?oc=5
Is the Stock Market Going to Crash in 2026? Here Is What History Suggests - The Motley Fool,"Sat, 10 Jan 2026 16:53:00 GMT",https://news.google.com/rss/articles/CBMimAFBVV95cUxQU0w5NVNHQ0xLdFR6ZjdEOW0wd3ZLNlpwa1NQY3VDSUdzajZ6R2luTkV1eDVlT1c1M2ZTRnRuTmpDLWRMbXQxRWpYSGxYMVdVU0hfaUlUaFVFNTVQai1YZmF1dHc0bzd6RGYxUmxCbENSNDNLYVJRUHgyT29PTzNWWE5HbU95VmJrSUNkUGxEX0I2NHZ3a09FZw?oc=5
"Stock market today: Dow, S&P 500 rise toward records as jobs report closes out big first week of 2026 - Yahoo Finance","Fri, 09 Jan 2026 18:21:46 GMT",https://news.google.com/rss/articles/CBMi7wFBVV95cUxPa3VSeE5lTnNYRHZhRFp5b0M2UDB4SkJMVVpXcW1rLVZWUmFWa190ZVc1WV96dkE2bWZUaWY3RGFQQjNkTHJsLWdEa1JyWF9YbkV5MlhHdTNaQTlGbTBaYVZhV09GbEdqQ3hpcGJzSEcxQVlmX2NwNGlTMmFyRzVqUVh5bnNVUHRybVB3bWstM0hJaTN0cWN0c01Ca3dlSGlOcGtYbVhucUtwbGtvVnRIdUpIczdXVHNCcGxkMzhxaGJULW9fOUtPWFZaNHNualpEc0NkRkNSNFlBbUZwaFVaUzBtYk5sZVNfUERfREVxdw?oc=5
Stock Market Today: Stock Market News And Analysis - Investor's Business Daily,"Fri, 09 Jan 2026 16:21:00 GMT",https://news.google.com/rss/articles/CBMid0FVX3lxTE8zdGl1MmxTM2JJa2pLNlFSWVhuZUd1ekRIeVpDcGVqckVJcloxaWlnRHJ3b0hqb291NXk4dlo0SmRQNlhDaGpubDh6ZWNTUHZiYVhjOVJINUxSYXE0NHRiNVE2OW51R2h4N1daaXRIdzVBR1UxT0g4?oc=5
"UK Stock Market News: Oxford Nanopore, SSP, MicroSalt - Yahoo Finance UK","Mon, 12 Jan 2026 07:30:00 GMT",https://news.google.com/rss/articles/CBMiggFBVV95cUxNdzRMRWhRcjhCaEhSdy0zTEYwM1MySEVURzh6cnE0VHQ4T3JMYTVacmdVM01VMVkzZXBvcktlNV9WaGdXcE41TmRnRWtTbVgtYjdOcmxFZ19XcnpWMmJaVm1ibkRpWFpGLWEzT1RLd0ctTENRMFQ4dng3WE5FcWhieV9n?oc=5
"Stock Market News, Jan. 8, 2026: Dow Gains; Defense Stocks Rally - The Wall Street Journal","Fri, 09 Jan 2026 03:15:00 GMT",https://news.google.com/rss/articles/CBMijANBVV95cUxPenlESTZuR2pXMWR5NHljY2xkNkktS2tyRTFid2lWcXk5QlNlOFBSYnBUUktoMkxNZjd0NGNkVHJpT1p0LURIMENLWGctMEZOazVuZlhfVlZkRS1TUy1zaWE1UUFfeUJqZ1VzY1l5Zkprb01kU0lJZDdISTk1QnN5Y1daSXZVRG1zNGZhVGR2Z1RzUEsyWS1iVG15ZjhOVXhrTEVhWVVZV09ZblBKQm91UjRDVFozLW9LLUNEOXNiSGpfRjBDWUdRR21ROWdDd3ltUlM5WUEyREo1RGd6bHZCS1JWSXFkX3F3b091UW1CR0Jfa2g1SkRBcXBDenF2dU53LXctM3gxRXlMOFZmRFVINHdIbzhfQWd6eTFuaGlOSDhRanJYVlVCZ2ZrV0h1Z0lIS0s3a1RwMmRmUDlrZXNMeEZ4QXVmaUVzUzVJVXNhZnhiZm1ubzd5bkRNS0V6N1RiRnBjaW1SSEE5dm5zWV84WGNfNFRaSUZUY1pGNDdvZUVnQ1AzMTVGVWQtWkU?oc=5
Chinaâ€™s Daily Stock Trading Volume Hits Record High - The Wall Street Journal,"Mon, 12 Jan 2026 08:18:00 GMT",https://news.google.com/rss/articles/CBMinwNBVV95cUxOblVUY1pZNDVfbFMzVnpXZkk1M3c4SkJzRGNjYmsxdTJPdFdPSGlDeDRvd1hadnpEUG5vZTJoMUlUemM2U2JNZkY0MW1DN09OSkhtYmREUjA3T0JRZkdMZ0twUFBjRDhMQ25HdzFweG5RXzVGbGF0OUF2aWJoeHpnVDRRckxrY3F4dGdRVXlUU2pneWpMY25BTm1uRnhxT2lDUU9xdWFyVVpjVVRjQ0hUZzNnSlNtYlN5RkhwXzRrb2VNRHNqaWN4S3FrR0ZncjhqREY0cE9LaHR2QjYySnp3dEwyZm1kUWE2amtxUmlxa0UwQjNZc3oyU1ZnNUMwMnJ2QjBmUnB4NVNIejJBN21ESFQ5Z0N4TWJmRFh0eDBBZXN6Nnl4Z0FSdFBUUWxNdzhCanJaeXVnQ29xV2JvUkt1eWJkYmZ3aFROcXljZUVycllONGVCdm1nZFBHWU9LcndzcXgzNGg3OEFnMDhXUUMtN1NmNjc1UUVaY0FDR1N4dHJfb1dEMWRBUWR6MHFEX29wdE1VUmlTbnZFckNLdHJR?oc=5
"Stock market today: Dow crosses 49,000, S&P 500 jumps to new high in record-setting start to year - Yahoo Finance","Tue, 06 Jan 2026 21:42:17 GMT",https://news.google.com/rss/articles/CBMi3AFBVV95cUxON1ZXSUVBX012d3RwZXI5R1RZUTdzTG0zbFd2cFIyT1VsQ1dtVC02TXVVS210MC04TVpsVkVwTy1DZUN4Tmp3V25EQUVzdGN6TWNNRk1vNTA2ZjV2VUZ3YXpHcDJaUGg3YVd4cFRpV0ZSNGZWcU5wREpPRUo1Ti1BY09QX2p3T0Y5Q19kYkdKcE12ZG9Id0RrSUJNSWVFSUdFWUJFU1cwTmFkOTVIWWVQVUpKZm12WXh3YUNYOC0ydlM5N2ZmTFRhSW5Ya0RQUkZBaElzeFBjbVpDSGdo?oc=5
"Stock Market News, Jan. 9, 2026: Dow, S&P Rise to Records After Unemployment Rate Eases - The Wall Street Journal","Sat, 10 Jan 2026 01:07:00 GMT",https://news.google.com/rss/articles/CBMijANBVV95cUxOcHUyNzJVSnVKVGJlYTlKdHh6V1dmTkZUQ01KM19fdmwyQTF2S3ZfZ3ZEYzJpQVdGSmNCZ0xIb2xVVE11YXVLOWVQTENoVFNOUUR4am1lX1ZYTU5uVjZwZEZlcDgtc3F4YVdhUzNweThyVkl0dVZQMEN4REgyTzBGNUVVMms1dU1vUzVzV180VVZmclRqUmRPR1FrY3NOMXYyNEdDVjZQSHZ5ZWxIbElHcmVUNDlFQzE5NTYxTzBkaWo2dm1kSnNBUzJ2S3kwZTdQY0N6dUx2bmNkSDRaRzhVeDBhY19CLU9UTDYwLU5BZU4wLW14RDdiUVlKQlR3ODRCT2NoQl8zZHdyVUwwTlk3dFBEOF9QYnZ6N2I0OUtjNXM0azBIbC00c08xT0dlMlM5QUhuRWhSbEhUS1l1R1VWWkszOUs2RXhBUG5WUDFZUjN4TkxLak9UNWRqaGJXTnZKb20xQVltVFh2OUk4MDQ1aUgzVGxrbnhPbnhKcVZqaEQtSGpWdG1WVWh2V0U?oc=5
Is the Stock Market Going to Crash in 2026? Here Is What History Suggests - Nasdaq,"Sat, 10 Jan 2026 17:13:00 GMT",https://news.google.com/rss/articles/CBMikgFBVV95cUxPN0l3RHB3cUhYRVBnOWdNbi1JT0FsN3ZWZm9qQU15R0xibUdrSE1yZkc0RGxGZUhqZmJPQzhDRzA0Um5rZWRFdEE5TUdYeEhRQmFiZGxSQk03YTVUR3VSa0M4SnlMcWkyd0ZGdUtDeHFteDcydjBLMl9teFFfNDhiR2txcms4cGltMHVIMUJrLW1tZw?oc=5
"S&P 500 ends Friday with another record close, scores a winning week: Live updates - CNBC","Wed, 07 Jan 2026 08:00:00 GMT",https://news.google.com/rss/articles/CBMid0FVX3lxTFBFSERpLWFOUlJkanZXUGdlYWVWMUYxak9TOUdZaTFad2dKYlVQWmtOREs4VDJIeVExOEZ5RDd0WDF3SGFGdUtrejlkaWdWeF93RW5PcHNTVHBPRkxYM0l0SXBSYlpRUkVyZUZHNFdETWtXTVIwNG400gF8QVVfeXFMTzdrb1RubmZlVUZHS1IycjNYbW5XRmFuS25rVDFhYWFvZS1pMmpiUVZHbHlldkJlbWc2YnU4UlhYVGdHelJyaUpHRzFNWlNfZmdZMkx1M3pKMzBVRXJqcDNVdGZTVFNuTGhpMzBJNXpEcm4yQ1lfNktyRFpScQ?oc=5
A rare stock market pattern just appeared â€” it has happened only twice in 153 years - Market Realist,"Mon, 12 Jan 2026 07:58:16 GMT",https://news.google.com/rss/articles/CBMieEFVX3lxTE1YWVY3NmZrbjYtT3JCNUhKZ3lka01fTS1iT0lubGpJbmRUajdNTmpyTUVORzc3Xy1uN3ozakpYWHZaeUJLLVdVSWNsN241UHVrTVRFQTBGM3JTUk9kanZPUUVnZzBLLTZuUW5DS1ZhbjV5aTZzYlM5TA?oc=5
"Stock Market News From Jan. 9, 2026: Dow, S&P 500 Mark Record Closes - Barron's","Sat, 10 Jan 2026 01:46:00 GMT",https://news.google.com/rss/articles/CBMi-wJBVV95cUxNd2JLTlczazdTRWRzMVFaSmhRQUgzWmxsZzdSMDNXYUNGNU5SazJydHdVYVhRd3cxc3d6NFdWeUs3Uk02eG9EX3RydmdVYkRXakRraVFzMUs2c2pLX3hFb0xwdE9aZEt0a0R2U2lQRk42NjJ0OVR5Q2hReHpjaWFiRktYVkJLN3J4NjJJcW5HN1ZWU0lQQnMxOVhGazZBamVHUkNzOHk0YUVhaElhWHNQWGJlNElORjhrYjBzMFVEZ2hnczRBemRxTHUwbXdpTlROV2owZDZuaVRrNThmUnFrbVQtMmg1R0ZXM3lYemQ2clNRYVh1UzR0VEVWTmVMd1YyN1djaTFHMHZLSXBxcGFhVjIzbEVqbGN4OUd1TW56ZmtMOWlsSWpwZkNtTk9uYkliSUZWTlhzajcxR2R4WEc5SDFnYWZNN29XNnFEUWlLYzNzMGV2NWhnSkdqTVJXc2Q1eUd5TTZnck5BNXlkdEFXOHhIbTNkYnhhcllB?oc=5
"Our Roundtable Pros See More Gains for Stocks, Especially Those Left Behind Until Now - Barron's","Fri, 09 Jan 2026 18:00:00 GMT",https://news.google.com/rss/articles/CBMikwNBVV95cUxNX2E0aThsbnBscTR4ajRaSWJldGJnZ1hGeG1MZVJOR2VtekpRdjFnb3M2aHhrcG5kUDBxc1pSM3plZ2oxcEFtUm93NmZ1U0FoUjBrM2lyRzVmVzlPVkQ2dEtKUW1oWVJ5b3BxdmtiVmN4NFJ3V2l2SXliZFNaQ1lraEs2bWNQZFhzWFp4WWxGZ3ZXcUoybElEa2g0bnNBOUdpX0xqanhRRkktZXY0bHdYOUZYb09kOGtoX1dmMmFRSEJCbDRSd1R0aHBWU2NaZ3lScHA3Uk9uNzN0YXZJRXR0VzlzeW1QUHdDcFdtN1FRRGw2d0xEdTRlNGs5UUZ4dmVHUVByOU1yODQ4ZmJrVzBCZnFxazlCc2JnLXNuOUp2clQ5d0VlVDREWWZZRWw1UDMtUUJOY196ZW1EQ2NLZGdvRDE1RjdDVGRNa2Y5V3NvWTBDX0dhUzBMSHVzenBxWGNJREtyRFVMX1pnWFAwT2M5UHRla1d6WjdoLTl0Y2lvaUNhaGlUdVdjdzBSMXdRelZxLXhj?oc=5
"Stock market today: Dow, S&P 500 jump to records, Nasdaq surges as stocks end 2026's first week with big gains - Yahoo Finance UK","Fri, 09 Jan 2026 21:04:00 GMT",https://news.google.com/rss/articles/CBMi3gFBVV95cUxPeHVwSWszSXF0OUUtUWpXX1VkNmNUWVFrQlJIanhITXVscTEtY044REJ4NWpvSnVvcENCdkM3RmkxWWxUOGpNYmRacmtNZmNMbFlfenJnbUw0N1RGemdVSFNzV2w2OFh4Q2RJaXZkd19lYmY2WEFVeFJHcEdXVzdhQ2pYeW53em5hdHpWcDViNDgwOG44aktleGt1UkQ1d3RLeGhSNFBkWDdmNmtsVk1xZm5OZU9lVjlDTnhqTmZIai1kTVd4X19DTUl0T3Rsc0x1RXpGcHhQNlFWNWVtU2c?oc=5
"Stock Market Today: Dow, S&P 500 Close At New Highs; These Aerospace, Homebuilder Firms Shine (Live Coverage) - Investor's Business Daily","Fri, 09 Jan 2026 21:33:00 GMT",https://news.google.com/rss/articles/CBMiqgFBVV95cUxPVHZtRUtUZUpTS1cxbXZoUFp4QnFxYVZHOF9MZmVLWkktRkFqVkRWd3lBbXAwT2VSOXFrSU9fWmQ2TlV0QlprX19kR2FLbGhkTDFYVVZkczFURWFzY2NGMDJ0Y3ZHSjVFQV9zS2hGVUtWUVpZaWRKeHdvZlZyZ3lVeVZOU3ZoUlktVXVXUkZPeWZESVlCS3ltWW43OTVicjdWMkM1UFd5dU9xQQ?oc=5
US stock futures deepen losses after Powell says Fed faces DOJ probe - Investing.com,"Mon, 12 Jan 2026 00:34:28 GMT",https://news.google.com/rss/articles/CBMiuAFBVV95cUxQSDNtM2VJZ3BIMkpoRVd2ams4dzhNUWlRT2ExNlZIMWZseUdTZkF0TmhsaE1Sa1AyRzVIajB0Szh4Mjg4clYtRnhLR1RPMTFBRzNkcHVmYlgtNGd6RUdSY1FIME5YajdVajd2QW1fNFJ4N3NteVR5NE1iM3FkT3VzZHlIQllabi1uaG9OUDJ6aWVfWTZLS1dGcmlha201enZIdFlPOUw2VDItaV9LQThtM2dya1dFMlFS?oc=5
5 Things to Know Before the Stock Market Opens - Investopedia,"Fri, 09 Jan 2026 13:07:48 GMT",https://news.google.com/rss/articles/CBMioAFBVV95cUxNT25uT2NXTXJLLU5qanJCQjkwdjh1d1kyaUR1ZS1fQVh4Xy10elFVMTcwRmhWc1AwZXFRVXBWWkFpWXowUW93d2lOYVNMNXN0Ml95MThicXFXS2U4M1g4a05xcXFQYlJwYUk4SU1wN1pidW5mTWU2ZW1hSm5WSmpJN3dGenJZWHRKckNXeUxQMXA5endvajZWN3NOOWUwNnF5?oc=5
Magnificent 7â€™s Stock Market Dominance Shows Signs of Cracking - Bloomberg.com,"Sun, 11 Jan 2026 14:00:07 GMT",https://news.google.com/rss/articles/CBMiswFBVV95cUxQY2I1Ulc0d1FKbWlmTEF4T0NLR190eE9UaWkyX3lieWM3dHBRNFQxeldBbWlNOG9HOElnNEtFYy1yN1B0MDFSVjBYbTFzRTc1ZjRWUGpFcWFTck02YlFvWnZpaWRzdVFlOWRVVzI4d3NyTDI2eUgwcmJmUFJUYV81T1MzZHJ1WGFZYmg1T2V1RmZiSFRGVXpwU2xMRzZQS21YOVBnOE5pMWFEbzl1bHcyeVlsOA?oc=5
"Stocks to Watch Monday: Capital One, Amex, Citi, Walmart, Exxon - The Wall Street Journal","Mon, 12 Jan 2026 08:13:00 GMT",https://news.google.com/rss/articles/CBMi9gNBVV95cUxPOWdyNGlGT3Vxb3B4U0stOGEydHVMSVJ0ZHpRdk5jWTktcFdmQm5Ga29FYTE1RVpXSVYtWVZkUzZrSHhJZUF5bUZDRTBIdnpFRkRzUGo2U0paeXFab3hWemFtMDRwdmhKUU5MS1g0LVZiNHpvQ3QwbVBLcmVCVmkza09EOE5BNHprM0NKQVRKRGdBU1lsUE1nc0p4QzVWN0FONEJVLUxLakd3Ym9meEJSMzBfcm5MU0tUTFJ3THN5S3RLVkkxYnU0amJVOGFxeW9jRVY5YzB1TkY0U0ZIekRobzhGZnlVTHRyYmg5cGxwMUI0SkdtZWt4amZFdXNwdTB6dXhhZEV1dW52RW9Kd1lrYUExYWs4amhyaGdtZXdIZ1BRMEFBcmdYRjQ1ME85V2w5NzdCaEQ4QWNBTW5CZDZXZ2JLd2lDTTVPV3EzUVR3bEdqVzZZRHhoS2ZxMjBkLXNSVEl4NkhMRnRsVzNDS1lzU2Y2V1RWRDh0VWJpVDNIMjlyU0JsaXl5Q0V1TnZNb19uUkFhemFkSEhBQVV3QUJ6aTI5SmNUM0o2QkRUV19Ta1VLTmRrY0ZxMG8xNlBXTWlkVS1LQkEyTEFaamY3blNSWUxsbVAtMDBQX3UyUXN1QW9BRHRRdmxLbE04YkM5ZWh1WkM3TVZn?oc=5
Fridayâ€™s stock-market rally reveals what investors are really focused on in 2026 - MarketWatch,"Fri, 09 Jan 2026 21:51:00 GMT",https://news.google.com/rss/articles/CBMixANBVV95cUxQV0RHYWctbTEtN0FtdktHQldvOGlxRVRHQWFWaE16VDNhaUQ0NXkxY0xOeHFXV0FpTW1LZS03aEloRTI2NGdZdXZ5NDJlZjNQYWpCOFdQMmR1ckZNQlN3a2dKV1FvZEpOMTNnRjg4LWNvWS0xTWJRNFF3cWV5TC1rMW1FTFY5M1BmcEZRajRsR29oaXRta0QtOHpELTR5djN3Y25Fa2xucktxZ3MwbDRMT1FTVWdGQWZIVTZMclNiMnB4THhVaGNMTEIzME1WSmIwY0JhNnB3NFJtVmgwbE9HN1RBa2hNZmdXTUZYaEJvN0RRazVCcC1SdGdLTWp4dG1HMzQycEExb1hQeE8zWkdIU3lnYXd5UjhGNUd2Z2c1OUZOU0EySW5pRUtZTmcwM1ZITmViMWNTbnZsSWZXd3F2TXFrU1RqcjRCQzFuVHgwcG5DTHppM1FLNzNESU1UUmNBZnpJSXprcnZNTzNFZXFsQjlraFdXZjBTYXB5RTdER1JfVUZLUXV2bGgzV0dmLTBqTjhRTWpZQ3lvWW5wclhXMXJjUm44UW9KYXlod2g3aXpQZ1pacUozVURLeEE3a2ZTWkt3Zw?oc=5
"Stock Market Today: Dow, Small Caps, Oil Move Higher; Defense Firms Gain As Valero Clears Base (Live Coverage) - Investor's Business Daily","Thu, 08 Jan 2026 21:30:00 GMT",https://news.google.com/rss/articles/CBMiugFBVV95cUxNLTNxd1p6UWYyVmN5cGtmZk1uWElScEV2eFVrWDdZeVlQNXdjUXpaRjV2VWdRNnZDbE9pZHFkbVF3YXFQYVYxaEhubmVpcURGNC1ESHl5Q004Y1lHaTZjQlROd0dHX1pNUzhuQVJsZC1TeTk1Q1hTZThpSXFBU2d5REVkV1Y3emtIeEZpb3RCSEhJMjB3cnNUeXlCMEJhY29udVNmWlZVY2VaamxqWk9ad1FSOHVPeUlITFE?oc=5
Hereâ€™s how to invest Â£5k in the stock market to try and make an 8% yield - Yahoo Finance UK,"Mon, 12 Jan 2026 10:40:58 GMT",https://news.google.com/rss/articles/CBMigAFBVV95cUxNQmJ4MUxwTFEzUjBJVUZ2Z0RjRUxscVRRdlFIZC1ucDVhZDVaZzg4cEFtWmNnTHRId21hVzBYWkUwQ1pUenhhSHA3WnhrTnFQUVVaZGxnT3RkcmdrdW9faHpEYTcxV0NJNzJPVXdYS0RpMU1WUTFHVXM0S0FzSHBfVQ?oc=5
"Stock Market News, Jan. 7, 2026: Dow Falls Nearly 1%; Oil Futures Decline - The Wall Street Journal","Thu, 08 Jan 2026 03:17:00 GMT",https://news.google.com/rss/articles/CBMijANBVV95cUxOQTNXcXdUck5PX3Bqb3czTEhDdi12QVhvVldhbEZ0MFVQcC1meEctRWNWQ1JYazNZaFlRQ3RhMTgzZmJKZFdQSndPQ3N1eEFzTjBoblNqeUZSd3pSR05XM1NwU0VrMDIyNXpubjVvUWFfNjZFNjZLUUFfbmJ4UUx4NzJrOU9xaXl2VmpZRHVGQUNTQ1dUbXVDdnlJNUtGNU5aZGtobHRxck1NUjlBaVBwU1Y5Rnh2VUZmdy1hdG5KQlNQdXZ3V0dtUkdQZGhhSnFqOUs1dTVMTnlsdVpFaklrQzJKMWY5Q1lESW1QRDhhSTNNdHk4UUVCQ2xxLVFxa0lxdVJPZmNsVXhhZFJ0SnJCOFNWcENLTWlwMGtkWno1RElybTFVTzZVMmVubWlkSWF6dHhsbjkxQUp5X2hZTWhDX2pxdllTVVA5OUwwb0RRWHZMX1JrN2FJQzVWU293enFYazNJNnZRWDlUZlFma2NKMTlqNFVEZG5Lbkt0Tzd6UTZNbkZocnNqTC1lbFU?oc=5
How Likely Is It That the Stock Market Crashes in 2026? Here's What History Tells Us. - The Motley Fool,"Thu, 08 Jan 2026 17:53:00 GMT",https://news.google.com/rss/articles/CBMilwFBVV95cUxOblFicVdUN1BHQ2Z2MFgteUFlek5TYVRBWXFMNG9TOEhFMUIybzZzQks3UmdsMFNVQk5lVjI5dGMyenI4bER1TTVqRFJqb3hUaVhicEc3Y0tyLXdETDgtOHlXQ3JSLVRGUzJTSWY0R25DcVp5SHlUWUtKMWVTS2ZyN2ZqNlVTcUVVMi1Sb3V2dDRUNE1JQWk0?oc=5
"National Stock Exchange of India targets filing IPO documents by end of March, sources say - Reuters","Mon, 12 Jan 2026 08:36:29 GMT",https://news.google.com/rss/articles/CBMi6wFBVV95cUxNbTFkdkFydzMtZFBFNjV2TElrWGZjRkhkcnJvRkdOU1NfTTdkd2Zid29NX1JidzlrdE9BalgzVllKdV9kakplNThETEpuT2F6U3FBaHFzSFpyLTJ4Tmd0dmNURlJyUXo5SGxydGZIRVNTdUYwQzVDZHd4Y2NNMnNWVGdqZTVMSk5QN2lldWszNUdrWl81YUk4M3FoekpoOVpsSWc1TVFVel94WVpkRVJQNFBaTDA2Q05TV0lNWVAtY3g4RWRBeHR5b1dSUnRSbElOZjVtNzdNWFlxX1o1RU9ncWNhRDhLOUJMRGFF?oc=5
"Stock market today: Dow, S&P 500 slide from records as rally loses steam amid growing risks - Yahoo Finance","Wed, 07 Jan 2026 22:45:44 GMT",https://news.google.com/rss/articles/CBMi1gFBVV95cUxNODNNWjJYZ29XQXBfQmp1M1dWSS1TZS1FMlI5VW5kSW9tMURMYUg0dlZfUnJCLUU5M0NqWE9wa2dZZVJxdGxwY2ljdm9tamJWVXF0QThlMmNseTVPTmtqUDdJNHNIS3lJVzl2YWhNdzc4YkVldnpXSGtRazFMSlhRZm9XMzhyTXZIOHdET0tWYk5vdzltUURldnpVb3lIa3NmRlNOb1M3b1k4MVlTREtzVnVjeGVIRlI2RkRCeWRLa0pzRmZnOGdVOW45X2pDLTVodGI1eERB?oc=5
European shares slip from peak as Trump's credit card fee cap plan rattles banks - Reuters,"Mon, 12 Jan 2026 11:17:07 GMT",https://news.google.com/rss/articles/CBMirgFBVV95cUxNMl9KZ0FaUnJ5VGhiaDNNMm1UNVpVMWhVVHNMbDJZYTByb0QwdTd4bm1ScTFBNkMtX3lJd0tka1gzSDFmT2VEX05aeE9XcDBTOTBRTk5vMjJxX1hhMWEyX3ptRE9FM3ZpT2g2Y1pSSlRnUlFVT3M5ZXNFdGJacWgwYUsxRmpJNDlDcU4yM2NnSHRSVnFvZlNCQkZjQWV1dnM5U1ZkOWhyR0FTOVRZb1E?oc=5
"Stock Market on Jan. 9, 2026: Dow and S&P 500 book fresh record highs, tech-heavy Nasdaq rises after U.S. jobs report; U.S. stocks notch weekly gains - MarketWatch","Fri, 09 Jan 2026 21:38:00 GMT",https://news.google.com/rss/articles/CBMivANBVV95cUxPNHhmdXAtVjJ1Q0o3Qm1IWUdrNUlIM2h4eGxXT3IzUS1YVmpKdE9uSjlZdWN6VDB0TlJpOVZzdFZHWjdnWlhlRlJlNnBweExJSjNKcDlwRTlUM3FscU5XR0g1V2U4REFNcGMzemdtcG5kdEl1X0FUd2VrOXVqRUNIYmp2ZWVuRVl2UWVnN3dpX2REZTJQdG5zU083NHFpQzFud09BT25VS0tUVDQyRGhiRWRHR2tPcHRidkoySUVvakhBNnViN0NmUGZ2eVVtSzJxUmJuR3NUR3V0OTNHd3VMWnVLTHp1RmJGTFlHZl9HTjZiS1ZCUDV4RE93Uk1DUk5DVTI0Sy1WODd0dF8wTjFKT1RYNm53QTF5TFpWOUhfZWNRSWJlWTNlSnIzNTZKZzJMTURrWURQbURmdGRaMXVXVWI4RlNhbnpaSnpWQldCRHhrZVlkMDdhWURFTDNFWEhhbGZFSGxoeEVBOEZYeGpKMmIxUmxDTDZYbTNqMVFXS3V0dEs2dEtKR1dadUhxNkIwcnJ5QkdoOXVKbkRaZmRnUnZMb1Nnb2FoVHBObS0yODVqWFh1akpVdF9QVTc?oc=5
Stock market rally leaves bicycle companies in the slow lane - Bike Europe,"Mon, 12 Jan 2026 07:00:00 GMT",https://news.google.com/rss/articles/CBMilAFBVV95cUxNT09BTGIxQ3ZrT0hYOFA1SXUyWnhCOFVfOEJyM1NQbFF2UWN0eHZ6VVpsZm1JTzBBVDRvWUFGNWVFcDdjRUZOdXl5cEF0WTI1cExPWFJMdG5ZNTVqUFdmNlJlVXlxM1ZxSUtaajNORm5CRW9BZjdKRjNpSmtYQzRqLTlyZ2ZQY3ZoYmNoRlpMZUk4MU0t?oc=5
How likely is it that the stock market crashes under President Donald Trump in 2026? 3 historically accurate correlations weigh in. - MSN,"Mon, 12 Jan 2026 00:45:31 GMT",https://news.google.com/rss/articles/CBMinAJBVV95cUxNdlJKRkNKVkZ4bHpWRVZsZ0tJUThhQ1ZNYXVDVnJ3a25vN2VaMUxIYTRycDlRekMxR1BrSVZKSGs0UUhFcDJHZ1RpZU9XbmxXVEtBTlQ2ckZUaUFRSHJHMVlpTEI3LS1MTDQ5ME5RZWxpSVQ4cjlGV002VWFaQ1doTUgyNjRGMzRjelNCaUtOc1NkanZQSVhnSzhydEFxSkFzRU5vYWpvajNweUVKSkZscUwtaTRUN3pKVW04ckpaR1pRdjA3emUwdFlCcEhUWWEtZFBfZHNIZm0xTkdCRElXM192eWxtN0Rza2dVTFZOSzBUYnlQX2VvRUR2MGRyZnMzclQ0SXU1aU96NjJFZzFMZkV2MEpxVl95Q0JOVw?oc=5
"Stock Market Rallies Broadly To Highs; Nvidia, AMD, Bloom Energy In Focus: Weekly Review - Investor's Business Daily","Fri, 09 Jan 2026 17:20:00 GMT",https://news.google.com/rss/articles/CBMiigFBVV95cUxPcTdGTDZpYjBwVWMwV2hxRXd5T3pudVNSTFUyVFhBV1NWa0FLb2lRelJLd28wTWQxeEUzNjl4MUhtZUc4QkZOWEpGNVRHRjBUdXRUTFQ0NkZocnVyLXYwMUpEcmczLWJyWFFwQW1tQmo3OTBvaktKdXI0SkxybHE0djFkSmtnRFl2Y0E?oc=5
Taiwan Stock Market Poised To Halt Losing Streak - Nasdaq,"Mon, 12 Jan 2026 00:31:00 GMT",https://news.google.com/rss/articles/CBMigwFBVV95cUxObEhPeDg0czUwOUlHWHhkM05LOEdoazdwc2daVlFOdjJ4QVctM1VoYS1lajJ3RTF5VVZ3Y28wT1BlMEdWSUFEZzJONmptZkNyOXItRU5HczhSbm9oTThyUTlJaFpfNGI3aVphcmhHV3J6bjhTNUIwc190UDJ0cGZPT1g0NA?oc=5
The Probability of Loss in the Stock Market - A Wealth of Common Sense,"Fri, 09 Jan 2026 21:30:15 GMT",https://news.google.com/rss/articles/CBMijgFBVV95cUxPM1h4bFJCT21GRTgtLVJ4YThRVHdZLUI0V2hXRzA1VFhLNVh3Y1kzVUtKT0lKMTQwR2NjTVJKMU5oNGdTYWp2amFtZExhRnp0dERJOC0xMk9JWjY3TU03VGU3RGdmVVlneEZCNjZNaW9xeDhfZ05kdW5jd1NCLVVrWE1IbUhNeThqeDJ1aTNn?oc=5
Markets Dive as Wall Street Frets About Iran and the Fed. Stock Futures Slump. - Barron's,"Mon, 12 Jan 2026 08:59:00 GMT",https://news.google.com/rss/articles/CBMihgRBVV95cUxOcFVIVWM1UnJodFlPa1pNUG4tSURDWXhNN1VDUGVWMVNEWnRRa0psVjdlaGt4OUtKMDR4TmlPVFFaYjFKeDZSSHFWam1PYXpkSUdwNEFGdklzQ3kyRTJUc0dKTm9mQjdBdjlnYjB4UHNqUTR2ZmdvZW8xOG1OWS00S09zV3QxSU9LbkdyX0xVNWlyY3RfdVljR0JhMDNlVzllUFMzcmFEUHZBZDE3SnJFcEFpeTZEN1hKN3U3aE1BOUItU2RMZm13Y2t3NE1pa0Z2X21pX1RGekNfQnFNLW4tVW1rVVlFT3hiQzRtZ2pUSlQtSmtxajV3NDNONHBqZm1SaWhpUWpIazliZlVldlZhWDZ5ajBrLXJMVkxZajVKTVpvckIxTmhiM3E4TzBUZFFSeWFEbXN2TUFGZHVWZGUtc1N2MDRndVY3UTJQcHJuY21hYjJMbkRSdUJ1d05PdV9velN0bEJ3bGRHcWZuTW91aVF3a0p6S1dkNy1ubWhrYUlRRE1DbVNNNkJIOENRRVhJRGQ2ME1ZM1VmWDg4VGF3akhNdnc1cW1nd25kYTNKNXctWHZoMjY3STg1U0VUN0RFUXpxQWFFYWlzZWNJOXJzcXJWTlluQXh2c3YtdWZhNElsaV8weW8zbWlGT1FTb2M2TzJSX3ZzeTZSeGFwd3VuQ05KWWc3QQ?oc=5
So are we in an AI bubble? Here are clues to look for. : Planet Money - NPR,"Sat, 10 Jan 2026 02:03:46 GMT",https://news.google.com/rss/articles/CBMie0FVX3lxTE9oMzBreTBYNE5ockh2eWR6WFRUYkRRbS1sbl9LRnJFREVWbGtmVmk4ZkUwLU83Qk9sTGV0OFBVQ0lsMDk1YXFCY3FKeW5GNWhyM1Myc25sVGwzcTlIRGZpSVByb1ZPUEE2V3RoZTZyZi1MSkMtMnkxdW5yQQ?oc=5
The Stock Market Flashes a Warning as Investors Get Bad News About President Trump's Tariffs. History Says This Will Happen Next. - The Motley Fool,"Fri, 09 Jan 2026 08:25:00 GMT",https://news.google.com/rss/articles/CBMilwFBVV95cUxPS1VUaWdCNDJ4aFVsSXZ1N3J3emhJa1lkdU5VWEQwSW1PYlFtVllicE1rQmtQcUd4eks3Q25sRmJoVFdfRTB2aXBVdFpGT3N0dGVNdmtMT1dZdDBBcTBueml6eW1ja0JhTFliSHo0aFVFM2Q5eWNNbnJYdnRMUmNQQmtyemRReTlOSmtZNkZQbGppUDRuMGk0?oc=5
"ðŸŽ§ Markets Last Week: Defense Stocks Rose, Beer Beat, Pharma Deal - The Wall Street Journal","Mon, 12 Jan 2026 08:13:00 GMT",https://news.google.com/rss/articles/CBMigARBVV95cUxQb2t4azB1cS1yTFpZa0YwdERlMmVaTHlwYTJfT1V0RUQyOFNjQTdIQm1DaHJXY3ZIZ2Jmc2lISUNIczdaRFBZZUY5ODF3b2JxQVBYQ0ZUaUwxNWNTZTZxTFZ5d0FzUWRmYmQwdE9FaF9GcjdwM2plTHBUN1ZqYm1Sd2dSRVBXLUduWmdzbmhQbXlKamdsTnR1MUVpek9PZEhWMzZfd3M3SzM1dU80SUhqREF5Zjl1a2pZMUtlTnZkZ1pYdE1abC0ySUEwcVZid3FqU0FBVEo5TUV2Y251UnBsWHBTV2hVc19IdXBRMlgxVHNua09vX3E2MVYtTmNhaXFfNVBmeUU1TFA0TlRGVnVwMTdZZWdkMFJ2WHJ4Ym1hMlJzckNHSVZoTVFzaV8wRnlXYldueFRNR3hSWi1MYmZBNGN3TzZwZmlBM19MdXB3UjZPdklTTnJxcW1wTm9KQ1lvRG1vRlVNQUJHYU16Yk1GSldmVEQ5YndYQXA1V0s3Q2p3dE9iQ181QTVWb0FZUDZSdW8xblpOM0dNZGZDQjdlMEltUjJCNmd5Q2w2QU5pZEw2QTZHRG9Nb3labFRUSnE3UHk2QVNTalA1Zm9qLXhETVJaeW4zTTVkNWczTXUwMzc1UDE2a0xjTlprUzV6QlhBRW4wcnh0RV9kaGRfZ01NMw?oc=5
"Stock market today: STOXX 600 gains as S&P points to recovery, Nikkei soars - Economy Middle East","Mon, 12 Jan 2026 08:09:09 GMT",https://news.google.com/rss/articles/CBMirAFBVV95cUxQamU3Rm5ORHd0UjVjb2ZEVWJJdjRqa3QxTkxpcTBMdF9QenNyRlBEWnZNOWFfR1E0VjN3aGxLQVp1ZWE1LXVTSUNSMWxVb2oyLUNucy1fX05RQVRrTnRfdV8zUkFfU2V2cXFnU2pTUGdqeDN1ZmN3ajBEeXphOFFGUlY2bHQ1Z2RFbERnVk9qWDNkVDRoemJ5aGpSU3ZWZmtKcWpEeDdLdjh2eF9W?oc=5
This 100-year-old stock-market indicator just flashed a buy signal. Hereâ€™s how investors should read it. - MarketWatch,"Wed, 07 Jan 2026 20:28:00 GMT",https://news.google.com/rss/articles/CBMi4gNBVV95cUxPVktNQ1kyNnViR2tEQzdubURsV1ljdExaN0ptd0JaNzZDMTkxYVFOSC1QUE95Zm44UmtoblpnRXZKRl9FbDdaTnRNWUQ3ZUZnTHNoYUstX2lNZGdZZnBseG0wdzdrZGFVSm1MMV90NlNZV3pWZGJGbEI0OUFVa3FBbU5tajBXaHZTZ1lUNlNveWdoYU1IRU9YSUl3bzUtWXJ2OWdmclJ4Q2RpNnJUYkpVc0ZXZkRpQ2lyb1ZzRUF2U3RIN0s5VUNocndZNkxSR3I5YU9RN3RjWmxqWjJRWlVSSElUV3VybjYtRGxhenBpelY2LWVxcklHdkotb0xScEVsa2pLeEFLczExQnBvQTllVUJMcnk2a1NfcUZ4dkVsUG0yUnhDT0RWdnRLdVhENEUzYW12YjhBTEh1LWRlR2ZLa2xfUXp4OFg0LVZ0NWY2X1lxZ1lweUR0S09Zb2dGSGpncmJCM1dpbTVrdDNvYnZOTE9hcG5nUUdFR0F2ZWhiOG8wUkVQQS1RTnpmRVd3QTFmelVsQVRkOVhMOXhDUHpxRFdfYTFoLUU1NUdpTjZrWHBCRlJKajFTaUxxczVrMFVUVUF6Q0JQc3ZTLWh6S0ZkV28zb1BtNlljU0R4RTZrU05jdw?oc=5
Heard on the Street Friday Recap: Record Highs Again - The Wall Street Journal,"Mon, 12 Jan 2026 08:13:00 GMT",https://news.google.com/rss/articles/CBMi9ANBVV95cUxOMnJTeWd2WTBETmkwTjhHb1JLM1NzeUJPREZUc3AtRG1TeUdrbC1jaG5sa0hZR25LbWhiVnpuSXVCSWpSN0dGM3lhYlpWQUtLc25LN0V2cDNfYWN2cTNTSHM3cmpURHRjajMxVE9GRG9Sdnd6SzBrdmdOZnFfUGl4TWF2OFhtQ1ZFZE5QQXRZbk5ia1p6RFlESldXdUxrNWYyRTF1WUFvWXFlN29KRzFZXzVEOW9FM0VWcG1MbFdodE1vNXdES3JGaC1uOEFTcUp5ZXdJWml2Z3VSRFdxREdSMjlSWll6aUdWMHowYmJtbDdNNDFuX0NoZE1jalpINHdWNmRaOWdFRklwVVBvWTRJN2dKTWhPWWxETGlRMlZBRUZMLUxGSjh3QlQ4WS1DQ2FkNWUwWEI4a3BLaVJPZW9JckNCZnhoTFhDWjRqMGw1Vk5HZDRzV2hWcEltakVxVXMzNngtV0ViUHU5RXV2YVc2MUZEM1p4c3lNR0lxcUI2RUFNZjh0VnZ4aU5JQllNLTRiSTZ5UlhDOXdlWGs5X0dkSjlzdFVCcENaajQtdC1Ob0pOTHBxLVppdnhGUUdvdHVfQUozc2lIRkp5WjBLMWw3eGxqREgyMU1DM3dsdFFFUkZWMDVtWmpQSDVHODc1SE0xR3drUw?oc=5
January stock market outlook: How may Venezuela affect stocks? | Fidelity - Fidelity,"Tue, 06 Jan 2026 18:45:00 GMT",https://news.google.com/rss/articles/CBMif0FVX3lxTE9CbnlwcUhMMkxmWS1IRnk5ZE9JSmVvZS16eEx0T0h3OVYzLWV0ODVQRFhtaFJFbUVneGM2UVNZXzVUUnhUb3lyXzlCQUp1WlBLZTJTZU4xdjJOaHBiOFRnZzNlTWVaV0NVX3RtdmVJVTFSZHhoWUJXV1E4QWJiTFk?oc=5
"How BlackRock, world's largest asset manager, is fine-tuning market portfolios for 2026 - CNBC","Sat, 10 Jan 2026 15:07:23 GMT",https://news.google.com/rss/articles/CBMijgFBVV95cUxPemU4d2twdDFPUmJuMnhpT2NyVHJ1cllnY0l3Y29wT1RCTl9yLUJ1VF9GTk1xcWczQVEtbVJ1YlZjbVZ2aW1PWElkQzVWaE42OVVoSU4zX0ppeXN2eTZ1d0c0Q1RfN3RBM3dsU3pwYkhLc0ZHNHNmUHRKYVVyX0FUTTRUNGVDZk5KdlBBbFh30gGTAUFVX3lxTE5ON2UxMW90TXVjNERUTG9SZmJVc0RFSDFMRjNTaVFIcVAxMzkyTmdSUUQycHN5RDJRMHl0amk5QjdydjZIYk1XM0JzZEdxWWJub1pVZHM1U1lVTkdBYUlNLUs2QjV6ejJnenA5SWhYaDZXaC1NaVEzNUhkQXE0bDVxSlhoZk5uNzNFNk1WaTBoc2ZWcw?oc=5
US stock market ends 2025 on a high note after volatile year - BBC,"Wed, 31 Dec 2025 08:00:00 GMT",https://news.google.com/rss/articles/CBMiWkFVX3lxTE9UVFE3WjFVOEJVVHBsQTNZUFV1bG5SaVNmckV2Nk9MNzNZQnNpMUE2SG1McU83LUFwbjBKYTBOcmdQS1Jla2RNQ3pTbURwX1k2MVhkWWVHMmNVd9IBX0FVX3lxTE1hd1FYb2VzMElSYnExMlZNZC1CMkpSeURtNndjaVdtYXNTcDdMRjdjVHRTTWY5S295OWVfdjZtcE9tTVo4MFg5dHcxQUVHdE5NRTFIbnVocWt4dmFMUVFr?oc=5
Stock Market Today: Dow Slips Back Below 49K; Trump Takes On Defense Firms (Live Coverage) - Investor's Business Daily,"Wed, 07 Jan 2026 22:12:00 GMT",https://news.google.com/rss/articles/CBMirwFBVV95cUxOMlhNM1hPV25VRkl1YlhGdFhjMGwtanNrNnhNQkFNRHFNTkRubHlkYXZlLTZWU1NPdWdKOGwtUVhqSHV1NTJVR0M3LWg1U2JGNjVtR3k3ZjNCUnNyTHpFTFNzbFVSSXZGcWZPQkNtTFd5cUV6bDNQMm9MTEFUMnZSTHNGVHpoczh6SjVKVEs4NVdQb1BlQ1d3X0F3Vkw2UHlXcXZSeDRhUWhqQS1UYmJF?oc=5
"Stock Market News, Jan. 6, 2026: Dow Adds New Record, Closes Above 49000 - The Wall Street Journal","Wed, 07 Jan 2026 03:45:00 GMT",https://news.google.com/rss/articles/CBMijANBVV95cUxOUzBHdXpaVVFJM19DVFhCck1vMng2SExVZFVrQmxILUo0VWludjRnOHlHdVNGWlpnMWpvSllRMU1Wby1SaUFSQThYeEI4eERqOVhwUHJJcll2TVRVMEN6RERrbzh5dFhRX0NxZlJzMnZmbG9ZYzRJSzFBNm8yUkJOcndzTDYyVXNrQmw1YU1hQzBpbXJlVWZIRHMxdWtydDhkaEJxU29na2NGVjJQMG9LWjdzVzU2QWZ4bzVxV3A4UUJfcE13Qnc4R0hjMjVtMV9kc3ZFUTFibU80djJyaGVkMlNzM1B4UXRrSm04MU42eVRnMjRyYVNITElVTkJUYWJINTkxZzN1RzJmWlhGa09DSVRhMnJQOWl3ZVhHSHg2cjZqVGJFY0FxOE1kazFjaGVpc0hfMkpFbGlRYktWaTNfSmZjQV9pM1hFWmd1SmNnajFiVzNMU19OcWVYR0FKSFFhRFJKdzJCUGc4RHdSdjRmdlhXbkFwM3dXQ2ZUbDM3LVlMNi1wVWhhcm1kVDE?oc=5
U.S. futures slip while world shares are mixed as Fed chair Powell faces legal threat - Pittsburgh Post-Gazette,"Mon, 12 Jan 2026 11:00:27 GMT",https://news.google.com/rss/articles/CBMiqgFBVV95cUxORVNMS0h5WFFkTGx1cHZDUHNsaDMtYVJiNkdtc0ZVTmVvUUlnUWpyeUNqdUxBd2lZU21UaTlzUEFhWUt1aEo2RGYyeDg2dy1wRVg3YjhJT09WTFZobTd5a2l2UkMwY01WOFlQbDd4LXdObzQxRGhpbVB4ekpENWlFMXk0LUFlWnhKSVJhRGh5bUpQTExBMEZySEJyMWkyRmpnSS1aM2VTdXU0Zw?oc=5
Stock market ends 2025 with double-digit gains - ABC News,"Wed, 31 Dec 2025 08:00:00 GMT",https://news.google.com/rss/articles/CBMilwFBVV95cUxNcjNKN0lhbnZRUTFJdHNNeXM1UU1HRUZWWmY3Z0k0NGVMNU9mV2VSTEcydEFqaWZVemtSLWhBLUhPdERhUmI1aFZrdTNFQmc4aXI1S0pFYThnZ2EyejM1ZUVzbmZFR2NINm00cHNMMDNNVGJVdE4xRkFmSU9iaEduZ1pMQWtWajZMZW9EWXUxZ3EwSDNTRkRR0gGcAUFVX3lxTE90d3JVa2dUb29GREU4bFBhTmhjZUtQR3ZhbWU3TEw0QnJVWmJ2QUNOWU9HUUtZdHJ1STkxdzBYd3lIY3ViT1o4ZUxFQS1SQ1ZLVF92ZUpDUFRnTFBZckZuSzExSzRVb2cza0lxVEhGWnFZRGUtMzgwR3FMRFJueWI0MHdKN19zaG5BSXlBaTdBdUJEanlqN0ZEcC1RZQ?oc=5
"Capital One, Synchrony Stocks Fall After Trump Calls for Cap on Credit-Card Rates - The Wall Street Journal","Mon, 12 Jan 2026 08:13:00 GMT",https://news.google.com/rss/articles/CBMimwRBVV95cUxQX1dYSU1kVHFJSE04dGQ1M1lzem1hWXJiREpCbUExdUVxanlwRDdqUjc2WjBXQkZXWEQ5UFRvRW9zWHRtelRSYks2ZFhDOTB6SDE2SXBJeU9nUUdqRjc3WnNnRFp0N3JmYWJJRkpmc0hrQ21VM215SmpQQng0SjZVcmVLM1gtekNxUWJBcEppSjJ4TkluYzRRV29FcHV5amEteVJJU0w3Z29RbHlmc284V2FqTnh3el9VOEdHODZUclR1VlpYRE02WV9ZRFRyT0JtemZwZGdEQjVaby1WMVZTeWJFLXM2cmJYdFVjWGlta3haZ3VGb0VoWl85eWdGOGIwYlFvN0c2MUQ5bHRTNl9LNmdaRWxmdnBZT0pCZHFuSnZvVWQxcnhLMXNjeHM4N3kwZk5vRlBVTXJNbTlTOC16cjE3cmlQSTdtNGdmTVo1N3N3bEt2MWd6eFZLUVIzR3BsYTZUTVcxM09qU3kzTTl0V1VSNGpfWndBUnZFQlR1YlgtOGZhNlhocXJsVjBIOTBraDZOSWlMb0x4QVZrY1UtVl9IYjUxa0lrRnY4dlRjOHJGMXRicXBRYl9wdHI0LU9ha1V1dDFNYUYtNW5qUzA3b2pudFVjbXhERjhidFY0eEV0X0c2ZHgtUzVDUTRGODhmRUF4c19VdmwzYmZkQWpnTDZjSXRUTlF0V0RXcUNFYzcwbGFxTk5sZXo1RQ?oc=5
Uncertainty Interrupts Stock-Marketâ€™s New-Year Rally - The Wall Street Journal,"Wed, 07 Jan 2026 21:47:00 GMT",https://news.google.com/rss/articles/CBMikwNBVV95cUxPNVBCRk9wUGx0WTRpYlAwZGpweTRjSmFJNVlDeDJ4bGNJUGUxZGMxcHZOZkhMYVZqLXpfUmNDREVRby1uMUlnSmF2V2t4ZHE3ek80aXVkUmEwYTBMTVZWZTlHWTFDQ2s3SENfb250QlhRZjk4ZzU1Sk53T21UVWhsdDZzeEczemdlNGtLMjFqUzRpMEhpLXZkV0FGblpCUzgtZXhSLVpIbE45UnN3SEZJLTdIdzdabjlPNkNMcFJwazdxN1JXcVJmdEtsRmtkZEFoaHBaM2RBMUhaTS1pWmRPbmFpZE4yM01JV0ExWW5LeGFqRGZQTFBrLTFjSmVOWWd6YlZjMDJ2LWtlNDdGQndyVHJ2WlJNTENNQ2RjTHlycThsUUVfV0IzcmlhQVg1S1BhWUF3eXNvSjRCZW4ydk82OU0xRm5admVQOWFRZ041R2pqTktnb2ptdlZMUlZJUng0bG54OHd3ZXRQUlNLcjYybzZMQ2I4aGxtZXExeUtsdTc1WVlJMDhTSExtOUFLZW1FYWR3?oc=5
Prediction Markets Face a New Test This Earnings Season - Barron's,"Mon, 12 Jan 2026 08:00:00 GMT",https://news.google.com/rss/articles/CBMingNBVV95cUxQMVYybjlaU0liZ2VkcE9WLXFNQjRtYTh0cTFfdDJmZDF6RzdKdl9uMjd5eXgtN2hydG8xbEZVNjNMMFJVT0Rhelg4OGctWTlQa2dfVlFnSTJFZU5LZ29DTVQ5X2FMSlM5NFZkRHFuT1ZobzZrc25TTThMcWNUS1ZPZ0tNMW95NXRVRjFiVUdTcTV3Y1g2bTRXYklUSmstaW9veDZmZTZtNlJNZUhvVzc1Uk1ubjBRUDIzS0h2Q1ZxR1VKNW5zcm5Udm1IMjdnY0NldU1JWlZvTkVxdndpekJGUlk1a041b1p1dC04T1FhTXJtZ3ROc0E4bGY1TjNPNFRrT2xyUkUxaG9LVXVOaE80QjJ4MFh2NDc1TGVsOVJXcVhRamdnNC03b1NQZXVCamVfYWVRcE54SzRRVkp1cDVfd0hyRU1zQnpOUmtEQWpUX3dzdWFsbDR1VHVJeG1lYmRiZnU0OWdLcVM3MkswdGxpWTlESUNaMUlRb2xzbUdzLXFhMnFwQzQyVDVNc0hOV3BkSDNJaS1RNGJYSEJwOXc?oc=5
"The US is taking control of Venezuela and targeting Greenland. The Dow could still hit 50,000 - CNN","Sun, 11 Jan 2026 22:00:17 GMT",https://news.google.com/rss/articles/CBMihgFBVV95cUxNTVh5V2Z0ZmVvcFE3UVJPTWNfRFRJSGdzNEV2b1ZmWXdlU0JKR3p2MEdVTFl3TjN3Y1FXSkNmQW5taWMtelFKQlJ2R013RkxOV1hhcWtydC12WTVSSWx0LVhjWUlFVHZ1ZHhiTEN4RF80LVdFWFpiY1JzZk00bTJoQUhfQ01Jdw?oc=5
"Stock Market News From Jan. 8, 2026: Dow and Small-Caps Jump - Barron's","Fri, 09 Jan 2026 01:09:00 GMT",https://news.google.com/rss/articles/CBMi-wJBVV95cUxQSjBvREZ2LWtiUGVOV0syNWFaanAtY2NiNjlnZG96OTVKdG1ObDh5V0Q3TUpSbXBaN0NKWXVJTFVFVEJjUlcxUjA4M3NWNVhaLXRTNndhRjBuNG5SYXJHSXVDUzdXRVY1R0FXMjg1UW9CNTJ0VGdZeVFFaHpuTTVEaklRR3pIaExvYkIzT0w5d2FWemt5bmtraVREVGNMZzBGYXQ3MDZScTExcktheGF0eklmQXc2bnZqdU1EcHRJbEVUaGRsbDZQckdZSEk1V1A1MGVvajFId1RqSDRkMDNyaUVwQXN2dUtWWEszUTNYeWxleTJrTkVfUzdKd0RDSmxIZ2NWalVXZEZpU29ZS1E2dDhJeDRJLTNrLVZjX19WUno1MWJfcUl0V1haX1JhNFNCVG5SX1dhUWJRY2lVWFcxcGhhcFZubl9sYU5QblFuNDZyeVR1QkZIY1FKeTBHVzNxUm1FeFlNT1VyT1hFLW1JLUVobkl2OERFMmhR?oc=5
Is Apple Stock a Buy for 2026? - The Motley Fool,"Mon, 12 Jan 2026 10:00:00 GMT",https://news.google.com/rss/articles/CBMifEFVX3lxTE1yanRkZFZ3ZVJ6QWJSb1pkUVhYOXJmSmpwb2lVSVJwalUzR2trVkNLMzhrb1JyRFZ2Y21yZG9DZkpyVmk0N05XVkZmZmhaV2pZekpVUVJtRUx3VUVBRXp6ZW91dGtpTHU4bjA3R2k4MENrbkxmeFJQTHlYRDQ?oc=5
Understanding the Stock Market at the Beginning of the Year - Opportunity Desk,"Mon, 12 Jan 2026 09:38:59 GMT",https://news.google.com/rss/articles/CBMioAFBVV95cUxNcGZTNlZ4TWFkWjBvMFZpVlNZYy0zUVR2NTRxT2FTNjVVMUFUWVIwY0t2alBKazByaUg3ZGREb05KSmY1XzVTdE4zclFBR185ckFDSUVRRVBCTG1ERmpHbTA2NjBRaDFfMmFKSVZrSDRxcWt5TzFqOG4zQ3JBOF9LMGtNUGpCMEdyYzlKT05jYzFKYzFrYWFBZm5jSnZwa21k?oc=5
"Big banks kick off fourth quarter earnings season, inflation data on deck: What to watch this week - Yahoo Finance","Sun, 11 Jan 2026 21:50:26 GMT",https://news.google.com/rss/articles/CBMi2gFBVV95cUxQQWVhdUFsQm5DOG5zMXJCb2tnQlRPRE9VS2JmdHRVeXdydkg2RU16cjRFTTZpTWw4N3dEVGFQa3JQVzMzYURWRHNJU1hDM2J5T3pxUnhyRUZ4Uno2WjU3N1pfU0xWSlVxdm9fTWdsR0xDM0Jwby01bVF5NjhZczN5ZzRVNWlrRlA1NFhranJabXZuYVBhZ3J6Q1pWNHFEeUc4WG5kMWd5MWZLNDRPM3Nld1NYUkJXLXVFUGtHM21pa1BBeV9wTGItWWZ2WW1ENkUyQjZkeG90QW1RZw?oc=5
"Investors more bullish on Geberit (VTX:GEBN) this week as stock advances 3.8%, despite earnings trending downwards over past year - Yahoo Finance","Mon, 12 Jan 2026 04:51:00 GMT",https://news.google.com/rss/articles/CBMihwFBVV95cUxQRklhckFlSHdBVlZfSEk1X1N6cC10TFNubWtvYnd3dnJaT1BSNk40cXk2ckNzZ2dlbzdoTENHaGc1SS1QWXdPeTBmRXBUUW52b2Q2Nlg1NlBNNGpZOFd3bmlxRkNLU2RnQnpNSllIdHpZZnpBRE5UMzNwXzZCLXFtd0NTdzNjQk0?oc=5
Dow jumps nearly 600 points to close at a record as markets rally after U.S.-Venezuela action: Live updates - CNBC,"Mon, 05 Jan 2026 21:51:00 GMT",https://news.google.com/rss/articles/CBMid0FVX3lxTE1uUFFaZ1o1dGFvSnozZ21TN21fVzExNmRGQzBJWElkWjU5TTBBLVVySzZHc2xqelVFZnpoU05VV1VrdGI1bzBYT2w0TTN6a0RTeG03Mk42U3F0OVpKUVM2OUpnMWpWT2Z3dE94U3lRamV3MUNINkEw0gF8QVVfeXFMTnMzV1JaNEJpbUQ5Z2tGTzlObm4yN2o1VHYwT2J1YkVRdVp2TUF4SVRYbHVnWkhxV0FqUFB3Y21aU2JSd3FJV00wNnJBR0hTWHdDX0Rrbk9zZ0lFcUxNN0ZpeV9ONHZqQlpQczJ3b250c0ZJTm45SWMwX3VfdA?oc=5
S&P 500 closes lower Monday as investors sell tech names into year-end: Live updates - CNBC,"Sun, 28 Dec 2025 23:24:01 GMT",https://news.google.com/rss/articles/CBMid0FVX3lxTE5CUWwwNUduTnRkYVJpT1prYXd2R0Z0SW1VU3Fnd2JWdWttR0dkWjJpcEh3bllQZXBpaHluU3I5ZUwyS2hEanYwcUlvSWpVMWJZUWtOX2l5ZTJvcEQ1ajdDNG5BYmJSOTBiX1BuMVotTWlSWGNERFlF0gF8QVVfeXFMTnd0VzVyRTZoejNtcHNud2pxdDFfdlFSNHJUU3lYZ1FqZXEyVUZlRUEtS1dkVDlOT3Zpek1pNy05bDJiaFZ6ZjhBVkUxRlN1YXBRREl3Tkl0aW4zTUZmMUZPeWhwVWVJXzVLY19pSWdKLTQ1ZmlkNjZLV0RwQg?oc=5
Eric Trump says Saudi Arabiaâ€™s stock market reforms will attract billions of dollars - Arab News,"Mon, 12 Jan 2026 09:50:25 GMT",https://news.google.com/rss/articles/CBMiZEFVX3lxTE9DdzJPSjVhdG9QZVBIMkhSTjhDdVVrZzhFaHBmMnRERXV0aWFIRmRMWm1fdkVzUDZESUFzUUZQbWlZWXdmaTJsajNjNlZCRXFBZ1BhazNEdkZZY2JyTGotN1lsaDY?oc=5
1 Stock I'd Buy Before AeroVironment in 2026 - The Motley Fool,"Mon, 12 Jan 2026 10:41:00 GMT",https://news.google.com/rss/articles/CBMijwFBVV95cUxOQVRJSGpVZllMUkQ1UDUzN3BQUW85eGNvN2FKY3lvc2x0RldWaVhyZHRTdE5KVW5KUnZ3Z3pxamxHZjg5a3I5RDljRzVzLTc1NFNwMk1xMTlnaFRHb2tfUDRFUDh5STEzN2I4TlpWVzNXRnFFQ0w1SEdJdUEzRUtvU3lwc0I1Y29WdTg2aE1KUQ?oc=5
"Stock Market Today, Jan. 8: Ford Rises After Analyst Upgrade Boosts Confidence in Turnaround - Yahoo Finance","Thu, 08 Jan 2026 22:36:53 GMT",https://news.google.com/rss/articles/CBMiekFVX3lxTFBTdnhkVnVZSnd6b19iRE1kaGFYN2QzdFJha0lKVDBxZDMtZjdpUnFNQTBUZE14MF9nWUg2Z3lZWU5QamRadFZmaTVaRGdEaXlFTFdyRkVNeFEtaWlLQ0J0dHlqVGxlVW1aUHZFN2NnaldjZXhFSXFrUHRR?oc=5
"Factbox-How silver is traded, from stocks and shares to coins and bars By Reuters - Investing.com","Mon, 12 Jan 2026 10:33:18 GMT",https://news.google.com/rss/articles/CBMiwwFBVV95cUxQWm8ycnlzVVM0d0U0QThKYkFLX2ZfSzNaQzNia2JuNE5Pd3NXVlA0b2MxcXZHU2VlbW5vZmhRel8xZVVxMkZDbkFXQkxmTWl0dlBIdTdnVHkwZU1SQnhVR2xCdHpsWXpPWGJSWWl6SFJ5ai1CYjlXT3ZKNGlkT1c5RUJQRXQtRnk4dkhSWUt5ckp1WUdQN0dlZGVsdzNIUXlTRkNyeGRGd1FlOWMwVUprWVZfcnVldmJhNkdjZEliRDF1YWs?oc=5
The stock market surged in 2025. What do experts think could happen in 2026? - ABC News,"Wed, 31 Dec 2025 08:00:00 GMT",https://news.google.com/rss/articles/CBMimwFBVV95cUxPQS1MRk0xRVlfLUl6WG14bjZ3bkIyYnVLX2pEbFlrSWs2N1dIUWpHbDZUZlV2dTNmMDVpc0c5QnhzcUVua21tRlQwd2d4UWtPTEZ6WTlRU0dxdFNBVWNQeDJyUUlSd1RubkFxdDJkNnlMSzNjLU9TRXRKOXFTRmlrTlJxOHBKUS04N2g1V2kwMlNxd3pUUXA4TWVzc9IBoAFBVV95cUxPRjY4MUdSdVJoRWI1MXoyWC1RT2NXVUlKTXNkaTBqb0lWeUc3S3JaWVRrN1BNNXpsYVlXTmFUYjJJY18zbkowTzBwSXZiemVyNGZaUUp6RkYyOEh3dk9iMGlsYUlkeTVzRXpHbEhPVV9jZm4tWl9vbWlkUHVxQ2Y3Ymt0Qm50YWwxcV9BalpZOUJZaUZITkJfVS1hUzB0M1NW?oc=5
UK Penny Stocks To Watch In January 2026 - Yahoo Finance,"Mon, 12 Jan 2026 07:05:02 GMT",https://news.google.com/rss/articles/CBMigAFBVV95cUxQemZmYzFTQUdXdVB5LVVWZ0RvNVYwTE1XNVhsa1pPVE9jTHd0ZU9DSzZyaWxYNDRMY1RPdVpGbERYLUZyTUJlSDFBMjdURFRYNXBlRFM1SmhCWXR5dEhDcXRYNGRqVjBSZ0l4ZzQwVVlIQUQ4eU80Sm45cndTRHJoTg?oc=5
"Stock market today: Dow jumps 600 points to record, S&P 500 and Nasdaq rally as oil stocks surge after Venezuela strike - Yahoo Finance","Mon, 05 Jan 2026 21:30:21 GMT",https://news.google.com/rss/articles/CBMi-wFBVV95cUxOMDNQUzZobFk1MFF4a0x1YmxmcXE5QVlyY2FFTHhoVDk3S211WWVkV1BVU19ud1pPNWVNR28yeXY3c1hCTTBpWGJIVXlvblVtTjE1UXpJclZLT0tzaURRMWdBREJIU2tJUFBDdWxnUzRIcVk2clllLXFrSTZSbHdXSXZaMVA3dG1kNm45c2NueF91cENGelh4SzB1c1YydDNhSE9sQ096eVVaQm16V3ZuZS13NGpSeFdsRlhEZU85OUxwSElUdlNrTEdIOHBVeE1jbl9vYjFyV1dTRExwTUtLSU1FRXV4N1BfQzEydUkwVWNibzlua2JZcW00SQ?oc=5
The Buffett Indicator Is Hitting a Level Seen Only 3 Times in the Past 60 Years. History Says What Happens Next Won't Be Good. - Yahoo Finance,"Sun, 11 Jan 2026 18:24:00 GMT",https://news.google.com/rss/articles/CBMiigFBVV95cUxORnBKbUxCcTJNZnF5VGozQ1pXRmkxMlVwWmZENk0wekwwMGhaUl9scFQ3UkNqbEw1bWotM3p1ejZ5OEZtWC1oc0EwLTBFdF9EOFBjS1BHSVB1YWZ3S2gzdUxKNWdIWmxYYlpwbk1MZ29ndUtLWTcyME4wcnhKNWRJVEpsUzBoRkRaeFE?oc=5
UK Value Stocks: Fevertree Drinks Among 3 Selections Possibly Trading Below Fair Value - Yahoo Finance,"Mon, 12 Jan 2026 06:38:10 GMT",https://news.google.com/rss/articles/CBMihAFBVV95cUxPbnlPTUt4VXRjdEJmNTBRRXBRZENjVW5ZdnhVS2w4eUU2cXdQX2x0RG5DRlNLbExaWXVaQi1XR0RWdThGblh4OVJzRWNkSlhncFpMbEN4d3h6SU5MT3ptWF9DYnlXRVRyZHJQbEE1VjNvN1FLMkZJRWd3eldzbFZHMnp4Q1E?oc=5
The Stock Market Just Did Something It Hasn't Done Since 1950 -- and It's Scary - Yahoo Finance,"Fri, 09 Jan 2026 16:35:46 GMT",https://news.google.com/rss/articles/CBMigwFBVV95cUxNcWFTQ1Vibm4xNWxscG5BSURSenpkVUFkMFJaRmRZVTlmVzRtWlVkOE5hYlFrSXZaRTFGVlMxOVg4ZHhYWVl0dlJ6SUZxTVN0eUZVdE1ENXF3Z05JX0cwWkgzT0UtTWhVMmZ3ZmVzT2trWGJNWFphWDh0M1B3eUtfOS1zQQ?oc=5
How GE Vernovaâ€™s â€˜Good Timesâ€™ Could Mean Bad Times for Its Stock - Barron's,"Sun, 11 Jan 2026 21:54:00 GMT",https://news.google.com/rss/articles/CBMiiANBVV95cUxQaVdDVUxHVkJxVGJVdU91UGJEOTNXS3cwNU9sYUpfZHQ3Wi1RYUc0dC1pSUExYmdFY3J5V2FkWm5XWTAyLUhkREsxbXVsQ0FoYTJkeDhvb01FcG5RbXcwWGF6Y2Frdl9CSVlTX0RWdUxTQm1lQWxaYzg1cmhrSGpaSmZsRG5mcWJLdjdDZ0pkNTJlalpTRDFnY3Q2XzNhRTU2ODRNUzlUMUVWbmtYX0t2dWVQUWlqOFZudjNnMURsSm9aa3VKdVFiVzBYQUlRenRadFlBY0h1cXlfaTE1TmNLM19MWTlILThab09ucDhJc1VlYjE3Q0ZEYmQ2MVFoOXRKUE1GdnljTU1JTlRjRTZGZzNmRVNtV1VweFFGV1dwWk1DRDJlRF9hMUFJMGxXR0VCV29FWXRrUy1oMWwwSzliYzE4TjlSbjg3LTdabzdkRnVQUm80bWwtRzh3UTVPdnlCWlJKY01zWkE2MHJZTk45S3Y5TXVvMVhucWRia2FsNmJIUk5OMmRHQQ?oc=5
Why Ciena Stock Rocked the Market in December - The Motley Fool,"Mon, 12 Jan 2026 01:49:00 GMT",https://news.google.com/rss/articles/CBMikgFBVV95cUxOTkctdmZoTUFBQU1xYVdyTi1KOWw5cU1ndjJsUTRNbDhtLUN0b2FNbkJPUGxtejVhX1hzRk9uYzBQM2lMaWh0YkxtZ0NEbWw2dlJIeWtYVE1jeFFmX1dPYVdaa3YtVzB3dkI3bFJtSWpWV0x3VXh5SjBaNGxJOHVaQnVTNnk2T0UzNU1ZSEJ6S1lWUQ?oc=5
The Stock Market Is Doing Something Witnessed Only 2 Times in 153 Years -- and History Is Very Clear About What Happens in the New Year. - The Motley Fool,"Sun, 11 Jan 2026 09:00:00 GMT",https://news.google.com/rss/articles/CBMimAFBVV95cUxQWWhwMzFsNFNxRVJuc1RiQURuekZYN25FTnA5V1lJOFZHbzNWNkZNS2oybm5zV3VHRVBfZjFteHh3RDZ6cWMtMVpMNVFRWlpGR1E1OUdNLTJGejcxb1BoZTlSWXd6OFdIYW9sUXJXaVY2dkJBdWpDaGVHQmtmWjNIOTJJZ3NNZXBETFYwdzFuUmU1bzdCUU81Sg?oc=5
Ralph Lauren (RL) laps the stock market: Here's why - FXStreet,"Mon, 12 Jan 2026 07:44:34 GMT",https://news.google.com/rss/articles/CBMilAFBVV95cUxOOFBVQmVnRVRuNjlvZnRQWDJOa2NpbmJ4MmdUUVVGVzJhYW8wSDRiX3hsSm5BSEZ5LXBMYmdsanI5bUU1aVF4eHotY1QzcDJwNkZrTXIxa21wT09ucjRwczRmNzM3SXFFNFRDTW9KWlBqOHJFQlkzUlVzVHJTWFJ2NXFMNk5aOEFTeUFMNnlEMXJuUTJW0gGaAUFVX3lxTE1tUXllMF9LMUMtVy01XzZhODNKaEplb0JjdFZMWjhOLWFFRGVtOVJOMEczSC1ra0t1VWJUUXJ2MXlUZkcycGRyWXRPa2J4VVFJc1d4S2FDOUE0b2w0U3hpNWxwUEh5U2M3TkFMOERJRHljdnJyWHVjR3p2QmYzVlY5dDE3bjBRUXlsSkxFM3ZadjVockxjeUtSLXc?oc=5
"'We're pretty upbeat': Stock market experts expect continued growth, bolstered by AI, in 2026 - CNBC","Tue, 30 Dec 2025 08:00:00 GMT",https://news.google.com/rss/articles/CBMiwgFBVV95cUxQS2g4U1JPWHVuRnAtQjd4dGtQUGROcjZjNkZlaVE3Vm41dDVWWUdVRDlhU2ZKbi11d2taVnFnc0tLM0VaN2sxTUJOZ2FzSXA5VVRjSHdEUzh0dkpFWDlXWlA0cUFBbEsxcGRTYldlQzNDZDFQbEdLZWFBbnlVOW15Q1FQcVREZmxOZGozZ2NfT0ZiOC1Kb1FHQ3JFa0VHUFFNX3o3WGRuYWp4akFPS01kYlRMQzdEZGhiaXJwX2Z4V3gyZ9IBxwFBVV95cUxNdWRtLVRsbmgzQzNMMlhlb2FQUjFXRkxsTVZmM2cxTkR1aXUtWmVjN3F5Q1FpQU5zVGJzUkk3dDlQanphc1V6M1UwSkd3bnNESi1VWldGQlpoVmJET3NVZWRIQnN3dlRfMlJKU21fNlZEaU0wN0M3Sjkza0ZGRTdRMzZUbkw3OEd3NENpc3hxbzNrVFRZVlVJMzhSdGVuYjRyUXFfNUpfbjliX3RyVm5PNjhXQk1qQ01NeTA3NXFGaF92V3llRGg0?oc=5
Here's the Average Stock Market Return in the Last Decade and What Wall Street Expects in 2026 - The Motley Fool,"Sat, 10 Jan 2026 08:05:00 GMT",https://news.google.com/rss/articles/CBMilAFBVV95cUxNY2Y0Zi1kUl9GbmlSLU9tYU11VDVUNDg1UVAtMVVad2xnTDN0bGNQTHhyNm56ZHU1dTFkVDRoUm96TzRGVVpIZ2dObFNPelV1Ni1jdzdZanZhMnk3amM4V3pSbmdybDBhLWY0cHZidmdHZkt6dGtNazhfNkV2OW44RzI2ZGV1N3hjV3ZIZ0x1ZzdQRGla?oc=5
"Closing Bell: Sensex settles 302 pts higher, Nifty above 25,750; Tata Steel, Asian Paints rise 3% each - The Economic Times","Mon, 12 Jan 2026 11:45:00 GMT",https://news.google.com/rss/articles/CBMiigJBVV95cUxOR2xCZ0l0Z3Z1N0M1NmtqOHdoZ1FfNmJRT0YyWldSQUN3NGRCcm1VblpXSW5Mb2JTNEJWV1lpdkR6ZTBfNTNoTDVxS3VsVHRlaVBlenJHRDZCZDExclpub3ZsTkI3MXZ3M1QxUENQSVljMmR1VkY2T3JJTkVIWTlRaEw4ZVZ5NFRDYXlFZ0pfTWJOU1pCSmVKSnlCZVlfaUxnNUo4YzlOOHlYWU84dnEzbDhRdExMQTVhTHItTURUNDg0d0Y3M3MtSm5FMTVjbkdMcFZTNUVaYWZCQVhXWjVMNHE2RW9hOFZkTm5WbGYzVFA0d2JnLXc4WENDN2Q2TzRVaWZqcTV2Y25uQdIBjwJBVV95cUxQU2hyNE1jLUY4cjZPaEhtSVhDRG5PdDhyT0JDWTFTVUZDMTlwOG8zRGZQRHRma3A3UTdVSGc2SDdIdmFNb0YzWWt2c1o5U2dMaE9mc0dSYWo3ZEY1YzM0RTRLM3pqOGQ1THFLaFJkLWNjUVZKRTQ3SFlyc0g1b194aThEOXNIWVFFTHBxTVRhWXZjRzZjZ2RPUmlJMkRfVFBFbzlWOE9XNVg3LXRzV2VUTW96XzBKQjVhWnNTMjR2UktFdVdKb0xEU2Z6elpRRzcyd0F0dG5BRG54YTJXMU5HZF9feVIwOXg2Q3ItSThWSWJ1b2dCWEI5RklnVjBOOXBNTnlEbmxfSXJxN21hMHBj?oc=5
"Stock Market News Today, 1/12/26 â€“ U.S. Stock Futures Plunge on Trump-Powell Tensions, Big Bank Earnings Ahead - TipRanks","Mon, 12 Jan 2026 08:41:25 GMT",https://news.google.com/rss/articles/CBMizgFBVV95cUxOSUktSFdtSDhPN2tab0Zrcm5XeEZBWEVlSGxzc04wdmVJWWJFOE5teDk2Qk5Ral9qbW5oNmw0OGNpOHZHcDh2RDRrejRuRkROWjlyVFJ6TXgxRlVFcTBLT3pOTVo3RzN5WkRFeEJXNTNqdmlHQVVLMlZYRUdHbENtenp2Sm40OUVyc3NtcmxFNmE1YlB0emxTcGFEQzJlQkZNOF9oZDFKaG1LcHdJdEcwWVNkNkdfWU11RGNpR2VRSXIwV1RDQ0xDQl9lR0JGQQ?oc=5
